,Unnamed: 0,symbol,price,momentum_short,momentum_long,rsi,macd,volume_usd,volume_ratio,signal,signal_strength,signal_state,trend_score,confidence_score,composite_score,volume_composite_score,opportunity_score,timeframe,timestamp,bb_position,trend_strength,stoch_k,stoch_d,ichimoku_bullish,vwap_bullish,rsi_bearish_div,ema_5_13_bullish,ema_9_21_bullish,ema_50_200_bullish,poc_price,poc_distance,anchored_poc,fixed_poc,fib_direction,fib_nearest_r,fib_nearest_e,fib_confluence,entry_price,stop_loss,take_profit,risk_amount,reward_amount,risk_reward_ratio,stop_loss_pct,take_profit_pct,support_level,resistance_level,market_regime,regime_confidence,regime_trend_strength,regime_volatility,regime_suggested_threshold,combined_score,1h_return,consistent
0,139,BANANA/USDT:USDT,20.86,-0.0066666666666667,-0.1108269394714408,48.089421362148464,0.3233013357605375,76096956.68930002,2.536576445042217,Neutral,48.333333333333286,Neutral,2.46,0.444,66.19,52.87,65.96,1h,2025-10-27 14:45:11.235373+00:00,0.6155277459070051,18.289513045775085,46.55462184873949,55.805183000352464,False,True,False,True,True,True,15.496938775510204,0.3460722986764996,15.496938775510204,22.837040816326528,bear,17.9,22.866,0,20.86,20.2342,21.4858,0.6258,0.6258,1.0,-3.0,3.0,17.13308873,23.18791127,bear,45.0,18.3,high,75,62.29133333333333,-35.61840843720038,1
1,62,MLN/USDT:USDT,8.333,0.5566971791518776,0.1311252884484866,51.826246778569214,0.2068756058317363,1123710.286835,0.9239043341416244,Buy,95.0,MACD Bullish,7.51,0.723,66.24,4.21,68.51,1h,2025-10-27 14:43:57.630676+00:00,0.5954518886185153,33.80995749944876,30.01196376687746,34.83428445676909,False,False,False,True,True,False,10.610479591836736,-0.2146443591097366,10.610479591836736,8.690357142857142,bull,8.450684,20.075864,0,8.333,8.08301,8.957975,0.24999,0.624975,2.5,-3.0,7.5,3.17646996,11.83633004,bull,87.1,33.8,high,60,60.9465,-0.22800912036481613,1
2,16,SOON/USDT:USDT,0.70384,-0.278615939652345,1.1643961991451155,49.3002501847476,-0.0366602621507412,3530604.6303137345,0.2161802335278629,Sell,20.166986892462937,MACD Bearish,8.97,0.636,68.41,4.3,81.97,1h,2025-10-27 14:43:02.992987+00:00,0.1867230401042374,49.63061484566212,10.964859893456932,10.686209373661038,False,True,False,False,True,False,0.1425347959183673,3.938022294591868,0.1425347959183673,0.7550107142857143,bull,0.67509,1.31038424,0,0.70384,0.7249552,0.651052,0.0211152,0.052788,2.5,3.0,-7.5,0.63302665,1.01226935,bull,45.0,49.6,high,60,60.7491986892463,-0.18612184587406702,1
3,73,EIGEN/USDT:USDT,1.8152,0.2954610333999428,0.3631721237608891,67.31857142048143,0.0381765368080705,1993473.801657,2.759636279795242,Buy,86.90882684040353,MACD Bullish,8.31,0.844,98.17,52.03,38.81,1h,2025-10-27 14:44:07.112203+00:00,1.0633537328061295,28.92504377774248,88.41154740730606,72.03066811242694,True,True,False,True,True,True,1.3907571428571428,0.3051883352336343,1.3907571428571428,1.814208163265306,bull,1.8999,2.1363224,0,1.8152,1.760744,1.95134,0.054456,0.13614,2.5,-3.0,7.5,1.02727398,1.76825602,bull,100.0,28.9,high,60,60.44288268404036,-38.56324371970031,1
4,151,A/USDT:USDT,0.29397,0.0058509546294394,-0.2729094012020479,38.028939143828445,0.0054126793891543,907549.3180584966,1.4570236881513785,Neutral,34.419679340018305,Neutral,5.0,0.368,60.09,19.08,77.5,1h,2025-10-27 14:45:27.104103+00:00,0.4397815403565523,50.22611063884635,41.7456685191239,43.58490220273784,False,False,False,False,False,False,0.50978,-0.4233394797755894,0.50978,0.2866671428571429,bear,0.15968,0.2935328,0,0.29397,0.2851509,0.3027891,0.0088191,0.0088191,1.0,-3.0,3.0,0.23469803,0.36947397,bear,100.0,50.2,high,75,60.07646793400183,-0.057829030173148104,1
5,117,KAITO/USDT:USDT,1.157,-0.0769844435580374,0.0826237484794609,51.728160188051945,0.0080360944231539,2552317.6144815,1.9282359019374895,Neutral,30.401804721157696,Neutral,5.73,0.428,59.83,33.85,73.73,1h,2025-10-27 14:44:45.919359+00:00,0.622044409816758,28.48102790225257,34.948453608247426,30.395189003436418,False,False,False,True,True,False,1.4324673469387754,-0.1923027059063211,1.4324673469387754,1.284469387755102,bull,1.175924,1.693904,0,1.157,1.12229,1.19171,0.03471,0.03471,1.0,-3.0,3.0,0.90228396,1.31176604,bear,80.0,28.5,high,75,59.94018047211578,-0.08643042350908486,1
6,63,QTUM/USDT:USDT,2.483,-0.0427910562837315,0.1966265060240963,45.521515942789605,-0.0437509689531315,1249203.58029,0.1842685581549795,Weak Sell,19.812451552343425,MACD Bearish,6.59,0.524,66.17,2.68,79.59,1h,2025-10-27 14:43:58.059817+00:00,0.1675723542563456,19.884969834179863,19.507186858316256,12.36851018120548,False,True,False,False,False,True,3.0857755102040816,-0.1953400395494798,3.0857755102040816,2.3735,bull,2.541786,3.897256,0,2.483,2.55749,2.41689089,0.07449,0.06610911,0.89,3.0,-2.66,2.40486656,2.87113344,bull,45.0,19.9,high,60,58.72074515523435,-19.08981071284737,1
7,37,CRO/USDT:USDT,0.23758,-0.089278184536359,0.602779464345949,50.89664056792431,-0.0080554797714588,2408203.69705915,0.2129552091689686,Weak Sell,21.59722601142706,MACD Bearish,8.81,0.511,59.26,4.12,80.31,1h,2025-10-27 14:43:20.501001+00:00,0.1823007680047332,47.66184336135996,22.710812209001585,15.244740953894985,False,True,False,False,True,True,0.102238775510204,1.3237758748028827,0.102238775510204,0.2589404081632652,bull,0.2238593,0.4607328,0,0.23758,0.2447074,0.22487701,0.0071274,0.01270299,1.78,3.0,-5.35,0.22375822,0.29957678,bull,80.0,47.7,high,60,57.74772260114271,-37.120127956898735,1
8,87,ERA/USDT:USDT,0.3441,-0.1185963114754098,-0.3856015426918544,31.02443507205193,0.0043535559625926,591717.5874470874,1.3994907773390992,Neutral,25.217677798129632,Neutral,5.0,0.571,63.58,16.12,73.5,1h,2025-10-27 14:44:19.322337+00:00,0.2791182235554912,54.26359566459574,15.711947626841251,13.53126731711601,False,False,False,False,False,False,0.7320819387755102,-0.5299706470350216,0.7320819387755102,0.3339839795918367,bear,0.27492,0.2749199999999999,0,0.3441,0.333777,0.354423,0.010323,0.010323,1.0,-3.0,3.0,0.2843898,0.4983142,bear,100.0,54.3,high,75,57.58476777981296,-0.15402499273467898,1
9,144,BNB/USDT:USDT,990.15,0.1077857710251619,0.1691601034372822,76.00437510867519,8.227034304392522,499345105.1379,2.4378450877596847,Buy,85.0,Overbought,8.97,0.93,104.86,49.98,29.97,1h,2025-10-27 14:45:17.649764+00:00,1.1338405537655485,37.16909842499145,96.45880452342487,89.59875218062486,True,True,False,True,True,True,648.4057142857143,0.5270531677697383,648.4057142857143,989.800612244898,bull,995.63,1067.93576,0,990.15,960.4455,1064.41125,29.7045,74.26125,2.5,-3.0,7.5,808.65678196,968.72621804,bull,100.0,37.2,medium,60,57.197,14.746250568095753,1
10,134,KSM/USDT:USDT,16.053,0.0213781255964879,0.0936031064786429,54.365751973345006,0.0319578748426518,17734057.81304,0.7274025424555911,Weak Buy,83.5978937421326,Neutral,6.14,0.45,75.19,17.6,54.14,1h,2025-10-27 14:45:04.134823+00:00,0.7745603626857764,14.234317979785564,55.00770416024656,43.3036262089874,True,True,False,True,True,False,15.854500000000002,0.0125201047021349,15.854500000000002,15.83508163265306,bull,15.893024,18.880496,0,16.053,15.57141,16.40994597,0.48159,0.35694597,0.74,-3.0,2.22,14.54329199,16.49240801,bull,45.0,14.2,high,60,56.86728937421326,-34.79100479661123,1
11,116,API3/USDT:USDT,0.9547,-0.036435203875656,0.0983663138518178,43.8856683380287,-0.0163993724835385,11495859.194618002,0.6416287432438964,Weak Sell,21.180031375823077,MACD Bearish,3.07,0.354,57.52,3.32,79.57,1h,2025-10-27 14:44:43.212680+00:00,0.2199291871592292,25.861800733068247,20.8181449979749,13.194559793580694,False,False,False,False,False,True,1.3667938775510209,-0.3015040411868085,1.3667938775510209,0.8467428571428571,bull,0.882768,2.059264,0,0.9547,0.983341,0.91330199,0.028641,0.04139801,1.45,3.0,-4.34,0.9087582,1.1176518,bull,45.0,25.9,high,60,56.7810031375823,-27.86215565098984,1
12,77,ENA/USDT:USDT,0.71,-0.0885750962772786,0.047970479704797,49.804820891593856,-0.0080078779636961,14084730.2571725,0.6879101646241316,Sell,21.599606101815198,MACD Bearish,6.42,0.433,63.98,2.11,75.92,1h,2025-10-27 14:44:09.112151+00:00,0.4581802650584865,17.722917301285,29.879621668099745,28.28326237062644,True,True,False,False,True,True,0.3722918367346939,0.9071060118515756,0.3722918367346939,0.7378571428571428,bull,0.7171676,0.9841304,0,0.71,0.7313,0.65675,0.0213,0.05325,2.5,3.0,-7.5,0.61183354,0.82608646,bull,90.7,17.7,high,60,56.43146061018152,-29.436619718309853,1
13,80,TIA/USDT:USDT,1.7867,0.014363574429431,0.025895728066146,53.61979874668462,0.0098619342867887,3894868.939902,1.7828015606770509,Weak Buy,87.8045351768435,Lagging,2.97,0.227,55.97,47.75,52.47,1h,2025-10-27 14:44:12.498643+00:00,0.7489538267416462,16.97238288418593,62.07414829659319,47.5367401469606,False,False,False,True,True,False,1.7806153061224488,0.0034171861022589,1.7806153061224488,1.6172642857142858,bear,1.5018,1.7375322,20,1.7867,1.733099,1.87359766,0.053601,0.08689766,1.62,-3.0,4.86,1.49936728,1.88301272,bear,45.0,17.0,high,75,56.17045351768435,-41.7641461913024,1
14,39,DASH/USDT:USDT,24.02,-0.0255578093306287,0.0834460983310778,51.52353081140118,-0.1295886992735382,14545810.74865,0.2877037562647716,Weak Sell,15.520565036323088,MACD Bearish,5.98,0.43,62.98,14.9,72.48,1h,2025-10-27 14:43:22.593224+00:00,0.4905971716029648,12.236380352344554,44.055944055944,33.28296309368864,False,True,False,False,True,True,23.54795918367347,0.0200459331802226,23.54795918367347,23.62,bull,24.24648,27.20304,0,24.02,24.7406,22.67188173,0.7206,1.34811827,1.87,3.0,-5.61,22.5590863,25.5369137,bull,100.0,12.2,high,60,55.77205650363231,111.69858451290592,1
15,129,FORM/USDT:USDT,1.0778,-0.0427213784527931,-0.5963144687066931,41.07982368142682,0.0566312431923595,541242.015271,0.9992996987745414,Neutral,27.831562159617977,Neutral,2.98,0.616,61.91,3.81,73.48,1h,2025-10-27 14:44:57.762270+00:00,0.4742929898451875,24.724896198399527,58.31613702022288,48.36749667537949,False,False,False,False,False,False,1.3812530612244898,-0.219694037061881,1.3812530612244898,1.3916734693877553,bear,0.23,1.76946,0,1.0778,1.045466,1.110134,0.032334,0.032334,1.0,-3.0,3.0,0.7769736,1.4112364,bear,100.0,24.7,high,75,55.5721562159618,-34.449805158656524,1
16,94,ETHFI/USDT:USDT,1.6026,0.2245740047375257,0.4322995799445883,68.68637332517272,0.0363810470540481,2863385.1908809994,1.3149687314385383,Buy,86.8190523527024,MACD Bullish,8.45,0.754,91.46,12.83,43.95,1h,2025-10-27 14:44:27.335799+00:00,0.951869407368128,30.67316613096934,87.64176117411608,80.49896946639706,True,True,False,True,True,True,1.2294612244897958,0.3034977989363187,1.2294612244897958,1.5693,bull,1.6767,1.8876088,0,1.6026,1.554522,1.6299473,0.048078,0.0273473,0.57,-3.0,1.71,0.89977201,1.63813799,bull,100.0,30.7,high,60,55.44640523527025,-38.89304879570698,1
17,55,AAVE/USDT:USDT,306.1,0.0195516770475967,0.0609316511853599,49.28144211478581,-1.0384271831770708,611737574.9956,0.8762085622793451,Neutral,75.0,Moderate Uptrend,1.95,0.4,54.38,1.73,67.95,1h,2025-10-27 14:43:46.529072+00:00,0.4331248892784944,8.534691529839147,39.03832420852187,24.717341438982487,False,True,False,False,False,True,322.2617346938776,-0.0501509579138519,322.2617346938776,290.72642857142864,bull,298.79526,424.22296,0,306.1,296.917,315.283,9.183,9.183,1.0,-3.0,3.0,290.99327654,325.87172346,ranging,58.3,8.5,high,80,55.3295,-22.64292714799086,1
18,110,JTO/USDT:USDT,2.052,0.0839936608557845,0.2113341204250296,59.11931193726936,0.006720904179054,629591.245445,3.7018619055485145,Buy,90.3360452089527,Consistent Uptrend,6.9,0.622,69.92,52.14,41.9,1h,2025-10-27 14:44:39.823890+00:00,1.0591293237817343,11.259997984311688,72.87234042553195,35.69762424830786,False,True,False,True,True,False,1.9416530612244896,0.0568314396527259,1.9416530612244896,1.918724489795918,bull,2.023256,2.304688,0,2.052,1.99044,2.2059,0.06156,0.1539,2.5,-3.0,7.5,1.75128821,2.03521179,bull,82.9,11.3,high,60,55.28460452089527,-46.24756335282652,1
19,57,ACE/USDT:USDT,0.6135,0.0480013665869492,0.1369532987398074,55.27348811339052,0.0090609752064841,2009756.7777445,0.8196501473064253,Weak Buy,85.45304876032421,Consistent Uptrend,8.16,0.505,61.63,3.3,61.66,1h,2025-10-27 14:43:48.550578+00:00,0.6941556774484189,39.45610222146197,27.499462481186853,26.073245896939728,False,True,False,True,True,False,0.6538571428571428,-0.0617216517369454,0.6538571428571428,0.6286367346938776,bull,0.5849742,1.0772616,0,0.6135,0.595095,0.6595125,0.018405,0.0460125,2.5,-3.0,7.5,0.41964978,0.69891022,bull,45.0,39.5,high,60,55.27780487603242,-49.64955175224124,1
20,81,RESOLV/USDT:USDT,0.0587,-0.0329489291598021,-0.4544609665427509,32.22618876870291,0.0020857753086658,2152878.713631429,0.1468660757127559,Neutral,17.104288765433292,Neutral,5.0,0.403,58.41,3.32,76.5,1h,2025-10-27 14:44:14.170605+00:00,0.3521837119751433,52.60520551648457,27.155172413793107,35.322910578609,False,False,False,False,False,False,0.1484173469387755,-0.6044936713212191,0.1484173469387755,0.0753142857142857,bear,0.0193,0.0786246,0,0.0587,0.056939,0.060461,0.001761,0.001761,1.0,-3.0,3.0,0.04059241,0.09200759,bear,100.0,52.6,high,75,55.06092887654333,-0.170357751277688,1
21,89,MYX/USDT:USDT,2.79932,-0.0073333333333333,-0.805502152155108,38.0695719234336,0.1989570648509662,1764085.9890128032,0.2918529615415305,Neutral,34.614519909215005,Neutral,2.7,0.458,63.35,19.42,65.2,1h,2025-10-27 14:44:19.884925+00:00,0.3526845126969781,21.30320627807911,16.746445371753016,24.944254357684112,False,True,False,False,False,False,0.2195132653061224,11.752395606234574,0.2195132653061224,1.2712614285714283,bear,1.07064,1.070640000000001,0,2.79932,2.7153404,2.8832996,0.0839796,0.0839796,1.0,-3.0,3.0,1.77764675,4.67449425,bear,100.0,21.3,high,75,54.8119519909215,-0.9527313776202704,1
22,82,ENS/USDT:USDT,24.269,0.0403377914951987,-0.0433977138352386,51.670817797877234,0.2279016768845079,12226110.11802,3.049988716980531,Weak Buy,40.0,Neutral,2.18,0.457,65.47,52.23,53.18,1h,2025-10-27 14:44:15.250178+00:00,0.8232977000106891,14.801857586596697,70.26785714285707,52.45039682539675,False,True,False,True,False,True,27.885663265306125,-0.1296961535717097,27.885663265306125,22.61818367346939,bear,21.5,25.574794,20,24.269,23.54093,24.74287626,0.72807,0.47387626,0.65,-3.0,1.95,21.48178768,24.86721232,bull,45.0,14.8,high,60,54.792,-33.97338168033293,1
23,128,OG/USDT:USDT,14.3541,-0.2000523857822757,-0.1121577990276729,37.59600241455811,-0.4368207631183172,839049.0651358026,0.763504288915793,Strong Sell,7.0,MACD Bearish,6.7,0.734,71.67,4.19,70.2,1h,2025-10-27 14:44:56.434178+00:00,-0.0277080464777224,21.25486499787056,19.751277739857176,12.768557627164055,False,False,False,False,False,False,16.25089081632653,-0.1167191902133088,16.25089081632653,14.41880918367347,bear,13.1316,13.1316,0,14.3541,14.784723,13.2775425,0.430623,1.0765575,2.5,3.0,-7.5,14.49241024,19.48410976,bear,91.1,21.3,high,75,54.346,0.19854954333604546,1
24,7,SOL/USDT:USDT,244.843,0.0930051917556884,0.3386201730934299,68.738675441894,2.011673081144769,1756599060.56107,1.236383806341963,Buy,95.0,Consistent Uptrend,8.07,0.776,90.21,9.54,41.57,1h,2025-10-27 14:42:56.577764+00:00,0.9089761437431744,25.89975364844138,90.4008585567502,78.69261827708203,True,True,False,True,True,True,126.71197959183674,0.932279811180329,126.71197959183674,242.16238775510203,bull,249.673,275.214344,0,244.843,237.49771,249.53315778,7.34529,4.69015778,0.64,-3.0,1.92,185.48450675,250.78709325,bull,100.0,25.9,high,60,54.2685,-18.760593523196498,1
25,45,SUI/USD:SUI,2.6322,0.0176686642180552,-0.1735635792778649,43.68461046936601,0.0283896469531128,1244840.7913043955,0.0098886610677565,Neutral,23.41948234765564,Potential Reversal,3.44,0.352,61.09,3.61,71.94,1h,2025-10-27 14:43:27.952126+00:00,0.4591785374417867,30.55813454161805,51.16151202749145,43.574937389913,False,False,False,False,False,False,3.7536795918367343,-0.2987680659467199,3.7536795918367343,2.5447020408163263,bull,2.635356,4.600476,20,2.6322,2.553234,2.711166,0.078966,0.078966,1.0,-3.0,3.0,2.08260031,3.27951969,bear,100.0,30.6,high,75,54.125948234765566,0.0,1
26,53,ME/USDT:USDT,0.69,0.0014513788098693,-0.0142857142857143,49.25631428911236,0.0036712602227726,4664728.55329,1.223683832743513,Weak Buy,51.58932705841212,Lagging,2.39,0.099,44.52,11.25,71.39,1h,2025-10-27 14:43:45.469283+00:00,0.6392761937773953,17.418207599380022,51.21951219512188,40.65040650406504,False,False,False,True,False,False,0.938938775510204,-0.2651278038601983,0.938938775510204,0.7194285714285715,bear,0.643,0.643,0,0.69,0.6693,0.71128957,0.0207,0.02128957,1.03,-3.0,3.09,0.64593611,0.71486389,ranging,16.9,17.4,high,80,53.67143270584121,-20.86956521739129,1
27,98,ETH/USD:ETH,4585.65,0.054824707692803,0.062481753854281,57.38658497470022,6.376262118720092,18555924972.2454,1.9973463067254504,Weak Buy,100.0,Neutral,6.31,0.579,74.19,36.1,39.31,1h,2025-10-27 14:44:29.393333+00:00,0.808149445325095,16.341197725562097,65.96893225873418,56.95500902839378,False,True,False,True,True,True,2529.429489795918,0.8129186911511749,2529.429489795918,4781.782857142856,bull,4578.41528,5392.49544,20,4585.65,4448.0805,4664.96570651,137.5695,79.31570651,0.58,-3.0,1.73,4152.79425476,4688.40774524,bull,100.0,16.3,high,60,53.6175,-9.609324741312566,1
28,38,MANA/USDT:USDT,0.3497,0.09178894786138,0.2222998951415589,60.55949234826833,0.0029730720186614,567755.5680165,1.4711594531108607,Buy,85.14865360093307,Consistent Uptrend,7.19,0.555,61.79,24.26,51.69,1h,2025-10-27 14:43:21.210849+00:00,0.8272540338023646,27.41008729545049,57.69230769230768,52.45280546140145,False,True,False,True,True,True,0.2691285714285714,0.2993789479271726,0.2691285714285714,0.3295989795918367,bull,0.3415422,0.4251888,0,0.3497,0.339209,0.36403391,0.010491,0.01433391,1.37,-3.0,4.1,0.27229677,0.36586323,bull,100.0,27.4,high,60,53.44636536009331,-30.940806405490424,1
29,51,METIS/USDT:USDT,15.65,0.0044929396662387,-0.076151121605667,48.72635889399884,0.0577011017722708,27961473.7704,1.0777753421211855,Weak Buy,38.39211542237478,Neutral,2.0,0.292,55.37,7.39,69.0,1h,2025-10-27 14:43:41.437060+00:00,0.5926302367830455,12.476176745800457,55.12820512820517,37.749287749287774,False,False,False,False,False,False,13.015510204081632,0.2024115654791771,13.015510204081632,15.892040816326531,bull,15.70874,23.01952,20,15.65,15.1805,16.35720905,0.4695,0.70720905,1.51,-3.0,4.52,14.50159392,16.43940608,bear,100.0,12.5,high,75,53.29021154223748,-35.4632587859425,1
30,6,SOL/USD:SOL,245.1,0.0932886085661013,0.3415435139573071,68.58712132162785,1.9938537094700983,136903010.60590503,0.8646490097997528,Buy,90.0,Consistent Uptrend,8.77,0.872,89.93,1.97,42.27,1h,2025-10-27 14:42:56.248344+00:00,0.9107370221033806,34.660032737683444,91.18236472945893,78.90805457685563,True,True,False,True,True,True,192.2862755102041,0.2746619557202524,192.2862755102041,242.1520408163265,bull,249.5,274.997552,0,245.1,237.747,249.66975684,7.353,4.56975684,0.62,-3.0,1.86,185.67472127,250.92437873,bull,100.0,34.7,high,60,52.913,-18.36352509179926,1
31,27,CVX/USDT:USDT,3.559,0.0073591848287575,-0.1274822260357929,46.95400245333653,0.0181015404095146,671217.79374,1.4099072053733996,Weak Buy,38.5458921917182,Neutral,2.49,0.261,58.32,15.68,63.99,1h,2025-10-27 14:43:11.092142+00:00,0.5488667851094348,18.630759972368605,43.14049586776861,23.263934882560136,False,True,False,False,False,True,2.8437448979591835,0.2515187288965758,2.8437448979591835,4.008551020408163,bear,3.281,3.281,0,3.559,3.45223,3.74788413,0.10677,0.18888413,1.77,-3.0,5.31,3.30628228,3.76671772,bear,45.0,18.6,high,75,52.78158921917182,-34.19499859511099,1
32,66,HYPE/USDT:USDT,57.73,0.0415877311682453,0.3323332564043388,68.59145400078746,0.5267747943586869,110588035.48937,0.9603737024685576,Weak Buy,90.0,Consistent Uptrend,8.39,0.785,89.17,3.28,41.89,1h,2025-10-27 14:44:01.328382+00:00,0.8944121559832101,29.922093940446555,98.07932886893808,83.68544070004735,True,True,False,True,True,True,13.66,3.2262079062957536,13.66,53.32540816326531,bull,57.991,64.103112,20,57.73,55.9981,59.5215599,1.7319,1.7915599,1.03,-3.0,3.1,40.02043678,59.82066322,bull,100.0,29.9,high,60,52.7295,-18.93123159535769,1
33,96,TREE/USDT:USDT,0.17796,-0.0239139973672664,-0.3348035734310171,41.60810712286207,0.0065497427322399,2967616.9058635165,0.174324950441142,Neutral,22.327487136612,Neutral,2.84,0.299,51.19,3.0,74.34,1h,2025-10-27 14:44:28.770953+00:00,0.4836563649447493,23.032836028059304,31.555686505598125,40.515943167681534,False,False,False,False,False,False,0.3268064285714285,-0.4554574682697708,0.3268064285714285,0.2679298979591837,bear,0.08425,0.20431642,0,0.17796,0.1726212,0.1832988,0.0053388,0.0053388,1.0,-3.0,3.0,0.1292796,0.2299304,bear,100.0,23.0,high,75,52.650248713661206,0.0,1
34,147,CATI/USDT:USDT,0.09087,0.005532809560695,0.0229652144545762,49.82617411286754,-6.800277339707284e-05,1322758.69603615,0.6261670515343365,Neutral,69.01201664931327,Neutral,2.28,0.139,39.73,18.91,65.78,1h,2025-10-27 14:45:21.743991+00:00,0.4827354091131826,16.036709441141674,54.3322475570033,42.0629750271444,False,False,False,False,False,False,0.089954081632653,0.0101820656797686,0.089954081632653,0.0985191836734693,bull,0.09432506,0.13422376,0,0.09087,0.0881439,0.0935961,0.0027261,0.0027261,1.0,-3.0,3.0,0.07912638,0.10345362,bear,93.0,16.0,high,75,52.56020166493133,-5.315285572796303,1
35,135,SNX/USDT:USDT,0.6983,0.0035929864903709,0.0521319873436794,52.18367343526557,-0.0010866195503506,1995724.8958225,0.6057256582743357,Neutral,70.53865551285345,Neutral,4.1,0.206,45.47,11.95,64.6,1h,2025-10-27 14:45:06.844636+00:00,0.6657908942051154,10.271594226488585,58.716577540107,40.78431372549024,False,False,False,True,True,False,0.7173469387755101,-0.0265519203413939,0.7173469387755101,0.71635,bull,0.6997338,0.8659152,20,0.6983,0.677351,0.719249,0.020949,0.020949,1.0,-3.0,3.0,0.64613415,0.72448585,ranging,49.3,10.3,high,80,52.51386555128534,64.4278963196334,1
36,102,ALPINE/USDT:USDT,0.8261,-0.0577164366373903,-0.8678430306035931,38.02933216531367,0.0466965285710128,1657414.0078431033,0.1332060765739863,Neutral,19.33482642855064,Neutral,3.84,0.548,65.66,4.2,66.34,1h,2025-10-27 14:44:31.033260+00:00,0.3221753747832442,35.45721596759709,17.596034696406427,22.79016935150764,False,False,False,False,False,False,1.7887479591836737,-0.5381685855971542,1.7887479591836737,1.7606214285714286,bear,0.3522,0.3521999999999998,0,0.8261,0.801317,0.850883,0.024783,0.024783,1.0,-3.0,3.0,0.60817256,1.28459744,bear,100.0,35.5,high,75,52.148482642855065,-0.15736593632731727,1
37,85,IMX/USDT:USDT,0.7523,0.3581873984473733,0.3494170403587444,73.22789574654429,0.0207863404385677,1167415.8754015,1.8702617826638868,Buy,76.03931702192838,MACD Bullish,7.92,0.758,97.13,31.77,30.92,1h,2025-10-27 14:44:17.555884+00:00,1.097069548827702,24.02104960331289,93.32365747460084,81.59245513059882,True,True,False,True,True,False,0.5608979591836735,0.3412421772667733,0.5608979591836735,0.7526999999999999,bull,0.7707,0.8521096000000001,0,0.7523,0.729731,0.8087225,0.022569,0.0564225,2.5,-3.0,7.5,0.42081964,0.72297036,bull,100.0,24.0,high,60,52.111931702192834,-28.871460853382953,1
38,3,FXS/USDT:USDT,2.734,-0.0640191715166038,-0.0047324353840553,47.56149954660598,-0.0058509010509598,3019007.057145,0.8758815477118747,Sell,37.341237255424346,MACD Bearish,3.96,0.342,48.93,2.4,71.46,1h,2025-10-27 14:42:55.220501+00:00,0.4704129470650332,15.356909603118188,28.02101576182138,27.72743536146736,False,False,False,False,False,True,3.539948979591837,-0.2276724846143868,3.539948979591837,2.59484693877551,bear,2.474,2.474,0,2.734,2.81602,2.52895,0.08202,0.20505,2.5,3.0,-7.5,2.44622297,3.05797703,bear,45.0,15.4,high,75,52.05662372554243,-46.85442574981711,1
39,15,ORDI/USDT:USDT,10.4076,0.1016247684572639,0.1678055677113137,59.54352977590562,0.1129896764825146,19497093.975373,1.5787475797995034,Buy,95.64948382412574,MACD Bullish,6.45,0.706,83.12,21.34,36.95,1h,2025-10-27 14:43:02.742596+00:00,0.93042376405159,18.12280809472029,86.11037527593818,65.12780089343731,True,True,False,True,True,False,9.237488775510204,0.1266698399235855,9.237488775510204,10.315886734693876,bear,12.0955,10.9978984,0,10.4076,10.095372,10.53488474,0.312228,0.12728474,0.41,-3.0,1.22,7.99751614,10.58782386,bull,100.0,18.1,high,60,52.02094838241258,-48.78262039278989,1
40,86,TON/USDT:USDT,3.1302,-0.0129911080280004,-0.0592937640871525,45.01316595313929,0.008654972194393,4233577.387064001,1.151593136666315,Neutral,27.441640581719245,Neutral,1.87,0.173,49.57,20.92,67.37,1h,2025-10-27 14:44:18.579958+00:00,0.4517955328051294,10.93258872762521,49.1992551210428,55.53072625698323,False,False,False,False,False,False,3.184927551020408,-0.0171832954262567,3.184927551020408,3.1982959183673465,bear,2.9981,2.9981,0,3.1302,3.036294,3.224106,0.093906,0.093906,1.0,-3.0,3.0,3.04523844,3.23329156,ranging,60.0,10.9,medium,80,51.95966405817192,-29.35275701233148,1
41,150,AUCTION/USDT:USDT,9.762,-0.0027581979773213,-0.0123431808984216,49.39087747341953,0.0155041087642406,16637999.583645,1.0018685454680267,Neutral,46.84541701167984,Lagging,2.15,0.119,51.35,22.45,61.65,1h,2025-10-27 14:45:26.759283+00:00,0.5951293500298682,14.321707603404988,50.30156815440294,44.93450045726015,False,False,False,False,False,False,9.659418367346936,0.0106198560567408,9.659418367346936,9.774897959183672,bear,8.771,10.223364,20,9.762,9.46914,10.05486,0.29286,0.29286,1.0,-3.0,3.0,9.36536951,10.03183049,ranging,40.8,14.3,high,80,51.71454170116799,-27.750460971112478,1
42,78,MOVR/USDT:USDT,5.964,0.0065822784810127,-0.0859770114942528,47.47231784523643,0.0016778547556389,1361156.333,1.3523244005086927,Weak Buy,38.501614256769166,Neutral,1.92,0.155,44.13,14.08,69.42,1h,2025-10-27 14:44:09.786914+00:00,0.4741498840908949,11.452847503837289,56.469002695417856,35.22012578616356,False,False,False,False,False,False,6.799224489795918,-0.1228411403461378,6.799224489795918,5.598857142857143,bull,5.889984,8.594232,0,5.964,5.78508,6.4113,0.17892,0.4473,2.5,-3.0,7.5,5.52470256,6.45119744,bear,100.0,11.5,high,75,51.70466142567692,-39.01743796109994,1
43,145,BSV/USDT:USDT,26.27,0.0042048929663607,-0.0223297357647934,49.58394957480791,0.0923802983325662,29188186.31175,0.6158834399474592,Weak Buy,41.24925406787085,Neutral,2.07,0.311,54.42,2.11,67.07,1h,2025-10-27 14:45:19.343158+00:00,0.6687762415973213,13.36166496187383,44.31372549019603,35.81699346405221,False,False,False,True,False,False,30.972857142857144,-0.1518380148517135,30.972857142857144,24.532448979591837,bear,24.63,27.02132,20,26.27,25.4819,26.70688272,0.7881,0.43688272,0.55,-3.0,1.66,25.11691184,26.84108816,ranging,46.2,13.4,high,80,51.58142540678708,-12.714122573277503,1
44,47,POPCAT/USDT:USDT,0.2895,0.0643382352941175,0.0346676197283772,54.62143147585923,0.0048213881211114,4050849.412264,1.4368276071504604,Buy,90.24106940605556,MACD Bullish,3.14,0.286,50.89,28.39,50.64,1h,2025-10-27 14:43:33.715596+00:00,0.8684704853703763,26.743645943129724,73.07692307692305,56.495726495726494,False,False,False,True,True,False,0.2952489795918367,-0.0194716323822165,0.2952489795918367,0.2450510204081632,bear,0.2272,0.2911468,0,0.2895,0.280815,0.29737232,0.008685,0.00787232,0.91,-3.0,2.72,0.22765335,0.29886665,bear,45.0,26.7,high,75,51.32510694060556,-45.11226252158894,1
45,103,IP/USDT:USDT,10.14283,-0.0248760284495239,0.7948734737214653,68.1598690015875,0.0343417091178558,2385816.8362089503,0.4233871051156999,Neutral,18.717085455892796,Neutral,9.0,0.629,90.11,2.05,52.5,1h,2025-10-27 14:44:31.729259+00:00,0.7860403896153334,60.57245203968294,57.612600787549226,53.940532504419565,True,True,False,True,True,True,5.447389285714285,0.8619616605333225,5.447389285714285,10.471881734693875,bull,10.23100808,13.69059984,0,10.14283,9.8385451,10.4471149,0.3042849,0.3042849,1.0,-3.0,3.0,6.47435751,11.14138549,bull,100.0,60.6,high,60,50.95670854558928,-48.07612865442879,1
46,142,BERA/USDT:USDT,2.3994,-0.001539677916025,0.0771233614652542,52.16186621647477,-0.0089187885791297,22009513.257814504,0.618476503924654,Weak Sell,35.014382655018466,Neutral,4.75,0.261,52.63,5.74,66.75,1h,2025-10-27 14:45:14.593411+00:00,0.5328008933934048,11.411174549379492,65.64338705551292,50.88257866462012,False,False,False,False,True,False,2.221295918367347,0.0801802588119638,2.221295918367347,2.2147448979591835,bull,2.4507862,3.2590648,0,2.3994,2.471382,2.219445,0.071982,0.179955,2.5,3.0,-7.5,2.14137221,2.62565779,bull,45.0,11.4,high,60,50.89493826550184,-25.19796615820622,1
47,14,LISTA/USDT:USDT,0.27473,0.0711556456643791,0.007074780058651,54.456280974156726,0.0022546109862611,1144524.7456639002,2.172044126024642,Buy,78.65012057863856,Weak Uptrend,1.97,0.304,51.42,44.49,46.97,1h,2025-10-27 14:43:02.350925+00:00,0.9438988560277572,12.06631005066512,89.28647046368832,62.24098848440045,False,True,False,True,False,True,0.217453469387755,0.2633967201052631,0.217453469387755,0.2731142857142857,bear,0.23256,0.29018088,20,0.27473,0.2664881,0.27556303,0.0082419,0.00083303,0.1,-3.0,0.3,0.23741624,0.27694776,bull,82.7,12.1,high,60,50.87851205786386,6.2606923160921815,1
48,58,DOT/USDT:USDT,4.404,0.0440967283072546,0.1251916198262646,60.50362562011127,0.0350632453788373,4997152.587025,0.8684348438306345,Weak Buy,81.75316226894186,Consistent Uptrend,6.6,0.589,80.2,2.17,44.6,1h,2025-10-27 14:43:48.885952+00:00,0.8739009171115227,20.034054383970005,75.08305647840535,61.134409920373486,True,True,False,True,True,False,3.968132653061224,0.1098419294532718,3.968132653061224,4.224306122448979,bull,4.345564,4.955672,0,4.404,4.27188,4.50592145,0.13212,0.10192145,0.77,-3.0,2.31,3.54073573,4.52856427,bull,96.7,20.0,high,60,50.85081622689419,-28.860127157129877,1
49,88,INIT/USDT:USDT,0.1642,-0.0908084163898117,-0.4665367121507472,31.848201748276125,0.0032683552684496,1739357.369200535,0.236626907010491,Neutral,17.163417763422483,Neutral,4.93,0.518,59.41,3.09,67.43,1h,2025-10-27 14:44:19.609925+00:00,0.3370746549310068,49.10418712768135,15.272727272727307,24.765999343616688,False,False,False,False,False,False,0.3159867346938775,-0.4803579328762832,0.3159867346938775,0.1727836734693877,bear,0.0563,0.2007342,0,0.1642,0.159274,0.169126,0.004926,0.004926,1.0,-3.0,3.0,0.10662278,0.27743722,bear,100.0,49.1,high,75,50.74734177634225,-0.3045066991473815,1
